--
-- Scripts to execute before
--
-- for MySQL
SET SQL_SAFE_UPDATES = 0;
--
-- Script was generated by Devart dbForge Data Generator for MySQL, Version 2.2.33.0
-- Product Home Page: http://www.devart.com/dbforge/mysql/data-generator
-- Script date 02-Dec-19 12:09:40 AM
-- Target server version: 8.0.18
-- Target connection string: User Id=root;Host=localhost;Character Set=utf8
--
SET NAMES 'utf8';
USE visitserbia;
--
-- Delete data from the table 'verification_token'
--
TRUNCATE TABLE verification_token;
--
-- Delete data from the table 'user_preferences'
--
TRUNCATE TABLE user_preferences;
--
-- Delete data from the table 'user_authority'
--
TRUNCATE TABLE user_authority;
--
-- Delete data from the table 'answer'
--
TRUNCATE TABLE answer;
--
-- Delete data from the table 'attraction'
--
DELETE FROM attraction;
--
-- Delete data from the table 'question'
--
DELETE FROM question;
--
-- Delete data from the table 'user'
--
DELETE FROM user;
--
-- Delete data from the table 'authority'
--
DELETE FROM authority;
--
-- Delete data from the table 'user_preference'
--
DELETE FROM user_preference;
--
-- Inserting data into table authority
--
INSERT INTO authority(id, type) VALUES
(1, 'ROLE_ADMIN'),
(2, 'ROLE_USER');
--
-- Inserting data into table question
--
INSERT INTO question(id, question) VALUES
(1, 'Where do you imagine your ideal vacation?'),
(2, 'Where do you prefer to eat?'),
(3, 'Are you interested in culture?'),
(4, 'Are you interested in art?'),
(5, 'Do you like cinemas & theaters?'),
(6, 'Do you enjoy shopping?'),
(7, 'Do you like animals?'),
(8, 'Do you like water?'),
(9, 'Are you interested in churches or mosques?'),
(10, 'Would you like to be active or to relax?');
--
-- Inserting data into table answer
--
INSERT INTO answer(id, answer_text, preference, question_id) VALUES
(1, 'City', 0, 1),
(2, 'Nature', 1, 1),
(3, 'Anywhere', 21, 1),
(4, 'Fast food', 2, 2),
(5, 'Restaurant', 4, 2),
(6, 'Traditional kitchen restaurant', 3, 2),
(7, 'Anywhere', 21, 2),
(8, 'Yes', 5, 3),
(9, 'No', 6, 3),
(10, 'Yes', 17, 4),
(11, 'No', 18, 4),
(12, 'Yes', 9, 5),
(13, 'No', 10, 5),
(14, 'Yes', 7, 6),
(15, 'No', 8, 6),
(16, 'Yes', 11, 7),
(17, 'No', 12, 7),
(18, 'Yes', 13, 8),
(19, 'No', 14, 8),
(20, 'Yes', 15, 9),
(21, 'No', 16, 9),
(22, 'Active', 20, 10),
(23, 'Relax', 19, 10),
(24, 'Does not matter', 21, 10);
--
-- Inserting data into table user (password for admin is admin, for registeredUser is user)
--
INSERT INTO user(id, dtype, email, first_name, is_verified, last_name, password, marital_status, number_of_kids, years) VALUES
(1, 'Admin', 'admin1@gmail.com', 'Ana', True, 'Pjevic', '$2y$12$XQ/i9L1DIn2HrSMSBbcnd.Ev0hc.S3iVy7P7AWnLmPpZbVh6fbY/q', null, null, null),
(2, 'Admin', 'admin2@gmail.com', 'Maja', True, 'Pantic', '$2y$12$XQ/i9L1DIn2HrSMSBbcnd.Ev0hc.S3iVy7P7AWnLmPpZbVh6fbY/q', null, null, null),
(3, 'RegisteredUser', 'reg1@gmail.com', 'Jovan', True, 'Jovanovic', '$2y$12$1Yfm8mhWBMnsDQqs6PWd.OgsKESuzsJa1tQFXt3mA7FlfwPEcpwiy', 0, 0, 25),
(4, 'RegisteredUser', 'reg2@gmail.com', 'Petar', True, 'Petrovic', '$2y$12$1Yfm8mhWBMnsDQqs6PWd.OgsKESuzsJa1tQFXt3mA7FlfwPEcpwiy', 1, 1, 40);
--
-- Inserting data into table user_authority
--
INSERT INTO user_authority(user_id, authority_id) VALUES
(1, 1),
(2, 1),
(3, 2),
(4, 2);
--
-- Scripts to execute after
--
-- for MySQL
TRUNCATE table hibernate_sequence;
INSERT INTO hibernate_sequence (next_val) VALUES
(11),(5);

